{
  "project_info": {
    "project_number": "214546683267",
    "project_id": "flutter-simple-login",
    "storage_bucket": "flutter-simple-login.appspot.com"
  },
  "client": [
    {
      "client_info": {
        "mobilesdk_app_id": "1:214546683267:android:569c65b7a3711ffa2d92b6",
        "android_client_info": {
          "package_name": "com.codegemz.flutlab.login"
        }
      },
      "oauth_client": [
        {
          "client_id": "214546683267-e933a3bjhqkovt8td02ho73cgtmh42tc.apps.googleusercontent.com",
          "client_type": 3
        }
      ],
      "api_key": [
        {
          "current_key": "AIzaSyATzw_YFW_JdW4ICbt66re-JjWgd64hjbs"
        }
      ],
      "services": {
        "appinvite_service": {
          "other_platform_oauth_client": [
            {
              "client_id": "214546683267-e933a3bjhqkovt8td02ho73cgtmh42tc.apps.googleusercontent.com",
              "client_type": 3
            }
          ]
        }
      }
    }
  ],
  "configuration_version": "1"
}
